id,submission_id,body,created_utc,parent_id,permalink
iandlwp,v1nawy,~~mynah~~ chicken rice,1653994871,t3_v1nawy,/r/singapore/comments/v1nawy/there_is_still_2_mrt_chicken_rice_in_singapore/iandlwp/
iannun9,v1nawy,probably giving you an all bones meal..,1654001346,t3_v1nawy,/r/singapore/comments/v1nawy/there_is_still_2_mrt_chicken_rice_in_singapore/iannun9/
ianc34m,v1nawy,"Do they not hang their chickens where chickens are usually hung? Store seems open, chicken rice doesn't seem available?",1653993719,t3_v1nawy,/r/singapore/comments/v1nawy/there_is_still_2_mrt_chicken_rice_in_singapore/ianc34m/
ianjgzw,v1nawy,Tmr $20 ðŸ˜…,1653998805,t3_v1nawy,/r/singapore/comments/v1nawy/there_is_still_2_mrt_chicken_rice_in_singapore/ianjgzw/
iandt1v,v1nawy,Just the rice perhaps.,1653995017,t3_v1nawy,/r/singapore/comments/v1nawy/there_is_still_2_mrt_chicken_rice_in_singapore/iandt1v/
iapvuhv,v1nawy,Child's portion?,1654037355,t3_v1nawy,/r/singapore/comments/v1nawy/there_is_still_2_mrt_chicken_rice_in_singapore/iapvuhv/
iaqdlbr,v1nawy,"not surprisingly, the chicken rice stall isnâ€™t open",1654045860,t3_v1nawy,/r/singapore/comments/v1nawy/there_is_still_2_mrt_chicken_rice_in_singapore/iaqdlbr/
iaqoin5,v1nawy,"maybe the portion size, just 1 mouthful\n\nsellers are smart, make you think it is value for money, to cut costs they either increase price or reduce portion\n\ndont you feel that everything is getting smaller these days lol, slowly but gradually",1654051122,t3_v1nawy,/r/singapore/comments/v1nawy/there_is_still_2_mrt_chicken_rice_in_singapore/iaqoin5/
ianc69e,v1nawy,"JB close by, why wanna eat in SG ðŸ˜‚",1653993789,t3_v1nawy,/r/singapore/comments/v1nawy/there_is_still_2_mrt_chicken_rice_in_singapore/ianc69e/
ianjm4d,v1nawy,"Chicken go home jb early, beat the q.",1653998892,t1_ianc34m,/r/singapore/comments/v1nawy/there_is_still_2_mrt_chicken_rice_in_singapore/ianjm4d/
iand37l,v1nawy,The picture was probably taken either in early morning or near closing time,1653994488,t1_ianc34m,/r/singapore/comments/v1nawy/there_is_still_2_mrt_chicken_rice_in_singapore/iand37l/
ianjj9e,v1nawy,"Kranji mrt, bus, immigration sg, bus, immigration jb, walk, jb sentral malay chicken rice, walk, immigration jb, bus, immigration sg, bus, kranji mrt.\n\nOff peak hours, best time 1h 45min, $6.\n\n*Thats why eat in SG*",1653998843,t1_ianc69e,/r/singapore/comments/v1nawy/there_is_still_2_mrt_chicken_rice_in_singapore/ianjj9e/
iankq8k,v1nawy,This one for people to dabao after work lah,1653999570,t1_ianc69e,/r/singapore/comments/v1nawy/there_is_still_2_mrt_chicken_rice_in_singapore/iankq8k/
ianfy0g,v1nao5,"Meanwhile, HDB officials investigating neighbors terrorising a block for over 10 years: [â€œWell, I canâ€™t be here at night.â€](https://www.ricemedia.co/noise-terror-how-one-man-holds-a-hougang-block-hostage/)",1653996532,t3_v1nao5,/r/singapore/comments/v1nao5/how_inspections_at_night_unravelled_a_s125/ianfy0g/
ianfeyj,v1nao5,Making it sound like they unravel a hard mystery jeez..just go to Airbnb website and see which listing condo/hdb is available and then book and then trace it from there. Rinse and repeat and URA can make multiple millions.,1653996171,t3_v1nao5,/r/singapore/comments/v1nao5/how_inspections_at_night_unravelled_a_s125/ianfeyj/
ianykhn,v1nao5,"Why need to do night inspections? Just do honey pot accounts and rent the units on Airbnb and similar apps. Rent and show up. If you get real unit, arrest the culprit, no unit, send to police for fraud. \n\n Could probably even get the companies to help.",1654006703,t3_v1nao5,/r/singapore/comments/v1nao5/how_inspections_at_night_unravelled_a_s125/ianykhn/
ianro67,v1nao5,"Article says that officers first inspected a unit in Dec 2017, and then inspected more units between Apr to Jun 2018.\n\nWonder what happened to the people who rented these units? Were they allowed to finish their stay at the units? \n\nIt must be one hell of a stealth operation that the 2 culprits were totally oblivious that so many of their properties were under investigation until they got caught.",1654003367,t3_v1nao5,/r/singapore/comments/v1nao5/how_inspections_at_night_unravelled_a_s125/ianro67/
ianbrg7,v1nao5,"> # How inspections at night unravelled a S$1.25 million subletting scheme on Airbnb and HomeAway\n\n> SINGAPORE: Inspections at night at rented properties in the heart of Singapore helped unravel a former real estate agentâ€™s scheme to sublet homes for short-term accommodation.\n\n> Simon Chan Chai Wan, 57, was fined about S$1.16 million on Monday (May 30) for providing such accommodation on platforms such as Airbnb and HomeAway.\n\n> His girlfriend Zhao Jing, 43, was fined S$84,000 for helping him in the scheme by renting two properties and managing the online accounts.\n\n> The fine given to Chan was the largest amount handed out to a person in Singapore for such offences, the Urban Redevelopment Authority (URA) said on Monday.\n\n> Chan rented out 14 properties â€“ two under Zhao and the remaining under companies HTM Solutions, HTM Management and SNS Infotech Global â€“ between Jun 30, 2017 and July 2018.\n\n> They were directors of HTM Solutions and HTM Management for certain periods between 2016 and 2018, and Chan was also the former director of SNS Infotech Global.\n\n> Chan chose properties in the central areas of Singapore â€“ River Valley and Orchard Road â€“ as well as Keppel Bay, Tanjong Pagar and Telok Ayer.\n\n> The properties were rented for several months to a year and Chan paid between S$3,700 to S$4,200 per month to the property owners.\n\n> But at no time did either Chan or Zhao tell the owners they were being sublet for short-term accommodation.\n\n> Under URA regulations, all private residential properties rented out for accommodation purposes must have a minimum stay duration of three consecutive months.\n\n---\n1.0.2 | [Source code](https://github.com/fterh/sneakpeek) | [Contribute](https://github.com/fterh/sneakpeek)",1653993463,t3_v1nao5,/r/singapore/comments/v1nao5/how_inspections_at_night_unravelled_a_s125/ianbrg7/
iaqo2lg,v1nao5,I canâ€™t believe such clandestine things are happening!!!,1654050901,t3_v1nao5,/r/singapore/comments/v1nao5/how_inspections_at_night_unravelled_a_s125/iaqo2lg/
ianhct1,v1nao5,Thereâ€™s some idiot doing renovation every Sunday morning. TC response was they cannot validate my claim since itâ€™s not during office hoursâ€¦,1653997474,t1_ianfy0g,/r/singapore/comments/v1nao5/how_inspections_at_night_unravelled_a_s125/ianhct1/
iao0txg,v1nao5,"post a listing from that address , let URA come and do a night inspection",1654007734,t1_ianfy0g,/r/singapore/comments/v1nao5/how_inspections_at_night_unravelled_a_s125/iao0txg/
iaq8omu,v1nao5,The only moral of the story i got from this is 'do your airbnb business in HDB because HDB officials cannot do anything outside of business hours',1654043544,t1_ianfy0g,/r/singapore/comments/v1nao5/how_inspections_at_night_unravelled_a_s125/iaq8omu/
ianw6u0,v1nao5,Cause HDB canâ€™t claim millions of dollars from fine about this /s,1654005584,t1_ianfy0g,/r/singapore/comments/v1nao5/how_inspections_at_night_unravelled_a_s125/ianw6u0/
iaojran,v1nao5,"You make money of HDB, they'll hunt u down. But when it has nothing to do with them such as neighbour causing nuisance, they just simply close both eyes & look away. Scumbags.",1654015863,t1_ianfy0g,/r/singapore/comments/v1nao5/how_inspections_at_night_unravelled_a_s125/iaojran/
ianju8m,v1nao5,Free staycay too,1653999030,t1_ianfeyj,/r/singapore/comments/v1nao5/how_inspections_at_night_unravelled_a_s125/ianju8m/
iapc7lk,v1nao5,can't claim OT if we do the efficient way mah,1654028548,t1_ianykhn,/r/singapore/comments/v1nao5/how_inspections_at_night_unravelled_a_s125/iapc7lk/
iankcla,v1nao5,Thatâ€™s a very epic cb response. \n\nImagine police saying the same shit.,1653999341,t1_ianhct1,/r/singapore/comments/v1nao5/how_inspections_at_night_unravelled_a_s125/iankcla/
iaokbmb,v1nao5,I mean thatâ€™s precisely the point of the claim right \nThey donâ€™t want to come during office hours cos itâ€™s their off time from work \nYou too deserve an off time from the noise right? \nLol!,1654016101,t1_ianhct1,/r/singapore/comments/v1nao5/how_inspections_at_night_unravelled_a_s125/iaokbmb/
iao1h24,v1nao5,Can confirm. I had a hoarder neighbor that eventually turned his house into a cockroach farm and HDB refused to check it out until the whole floor sent emails,1654008023,t1_ianw6u0,/r/singapore/comments/v1nao5/how_inspections_at_night_unravelled_a_s125/iao1h24/
ianulza,v1nao5,"""It's my lunch time, will arrest the murder suspect later.""",1654004827,t1_iankcla,/r/singapore/comments/v1nao5/how_inspections_at_night_unravelled_a_s125/ianulza/
iao2nhn,v1nao5,"â€˜Hello police? I was slashed by some guy and now Iâ€™m bleeding out!â€™\nâ€˜Paiseh bro, now our makan break, should have called 10 minutes earlier. Can hold out for the next 50 minutes? Thanks ahâ€™",1654008546,t1_iankcla,/r/singapore/comments/v1nao5/how_inspections_at_night_unravelled_a_s125/iao2nhn/
ianc31f,v1n8y1,"I donâ€™t see how this is confusing? \n\nStep 1. Dr certifies death of your loved one, and he registers the death into the online system\n\nStep 2. Dr gives you the death cert number\n\nStep 3. You use that QR code to visit the link, enter the death cert number you are given and download a copy of the cert from the system.",1653993718,t3_v1n8y1,/r/singapore/comments/v1n8y1/how_to_go_from_step_2_to_3_lol/ianc31f/
iangp94,v1n8y1,Tan kin Lian level post,1653997045,t3_v1n8y1,/r/singapore/comments/v1n8y1/how_to_go_from_step_2_to_3_lol/iangp94/
ianf0df,v1n8y1,OP needs to certify the death of his brain,1653995891,t3_v1n8y1,/r/singapore/comments/v1n8y1/how_to_go_from_step_2_to_3_lol/ianf0df/
iandxb1,v1n8y1,Trash brain post,1653995102,t3_v1n8y1,/r/singapore/comments/v1n8y1/how_to_go_from_step_2_to_3_lol/iandxb1/
ianbljr,v1n8y1,Next of kin?,1653993336,t3_v1n8y1,/r/singapore/comments/v1n8y1/how_to_go_from_step_2_to_3_lol/ianbljr/
ianhrbe,v1n8y1,I'm more curious how it went from Dead Person's Legacy to My Legacy,1653997738,t3_v1n8y1,/r/singapore/comments/v1n8y1/how_to_go_from_step_2_to_3_lol/ianhrbe/
ianb2fg,v1n606,"> # Former bus driver jailed for injuring 14 people in Bukit Batok interchange collision\n\n> SINGAPORE: A former bus driver was on Tuesday (May 31) jailed for causing a two-bus collision at Bukit Batok interchange that injured 14 people last year.\n\n> Loo Eng Chai, 66, was sentenced to six weeks' jail and a five-year driving ban after pleading guilty to one charge of causing grievous hurt to six people through a negligent act.\n\n> Another charge of causing hurt to eight people through a negligent act was taken into consideration for sentencing.\n\n> At about 5.05pm on Jul 11, 2021, Loo had just started to drive bus service 945 operated by Tower Transit. Before starting the route, he checked the vehicle to ensure it was in safe working order.\n\n> Loo had reversed out of his parking lot and was driving along Bukit Batok Interchange when he approached the stop line at a T-junction. However, he failed to stop.\n\n> He continued driving and turned right into the junction without keeping a proper lookout for oncoming vehicles that had the right of way.\n\n> At the same time, another Tower Transit bus was entering the interchange from the main road. Loo failed to give way to this bus, which was travelling from his left to his right.\n\n> Loo collided with the other bus, causing it to topple to the left, fall down a slope and land on its left side. He also admitted to stepping on the accelerator lightly before the collision.\n\n> The impact of the other bus uprooted the roadside fencing at the accident site. The other bus also collided into a bus captain who was taking a break at the lower pavement at the bottom of the slope.\n\n> The incident was captured in photos and security camera footage that were circulated online. Videos of the incident were played in court on Tuesday.\n\n> All 14 injured people were taken to the hospital. This included 12 passengers as well as the driver of the bus that Loo collided into and the bus captain who was on a break.\n\n> The driver of the other bus suffered nasal fractures, hematomas and lacerations on his body. He received 43 days of hospitalisation leave.\n\n> The bus captain who was on a break suffered rib and other fractures and head injuries. He received 83 days of hospitalisation leave.\n\n> Deputy Public Prosecutor Chee Ee Ling sought six to eight weeks' jail and a five-year driving ban, arguing that Loo was driving a heavy vehicle with higher potential for harm.\n\n> Loo continued driving without due regard for the other bus, which had the right of way, said the prosecutor.\n\n> She highlighted that the six victims who experienced grievous hurt suffered injuries of a ""very serious or permanent nature"", which required significant surgical procedures.\n\n> Ms Chee also said that Loo's plea of guilt, show of remorse and absence of prior convictions were mitigating factors.\n\n> She added that the prosecution would not be seeking a compensation order as Loo did not have the means to pay.\n\n> Loo, who was unrepresented, told the court that he was now working as a cleaner, and that he needed to pay rent and support his family in Johor Bahru.\n\n> He asked for leniency so that he could be released ""as soon as possible"" to work and support his family.\n\n> In sentencing, District Judge Brenda Tan said that Loo's actions had caused serious harm and that his culpability was of a moderate to high level.\n\n> For causing grievous hurt through a negligent act that endangered the personal safety of others, Loo could have been jailed up to two years, fined up to S$5,000 or both.\n\n---\n1.0.2 | [Source code](https://github.com/fterh/sneakpeek) | [Contribute](https://github.com/fterh/sneakpeek)",1653992915,t3_v1n606,/r/singapore/comments/v1n606/former_bus_driver_jailed_for_injuring_14_people/ianb2fg/
iankyec,v1n606,I like how the driver takes full liability while the bus company is absolved from all blame,1653999700,t3_v1n606,/r/singapore/comments/v1n606/former_bus_driver_jailed_for_injuring_14_people/iankyec/
ianet32,v1n606,This is why you donâ€™t take driving license if youâ€™re reckless. It can cause death if youâ€™re not careful,1653995745,t3_v1n606,/r/singapore/comments/v1n606/former_bus_driver_jailed_for_injuring_14_people/ianet32/
ianfj7p,v1n606,this is why you don't work if you're careless. you can lose your job if you're not careful,1653996250,t1_ianet32,/r/singapore/comments/v1n606/former_bus_driver_jailed_for_injuring_14_people/ianfj7p/
iaooggu,v1n606,"I do work, just that I donâ€™t go out at all for fear that I might get killed by drivers like him",1654017828,t1_ianfj7p,/r/singapore/comments/v1n606/former_bus_driver_jailed_for_injuring_14_people/iaooggu/
ian94lb,v1mpvu,How about the converse question: Is there anything to say that a company CANNOT do that?,1653991268,t3_v1mpvu,/r/singapore/comments/v1mpvu/can_an_employer_deny_your_pr_application/ian94lb/
ian9rvs,v1mpvu,"Don't waste your time. 6 months only, MOM also won't grant PR. Unless your friend is some big shots/high valued specialist",1653991825,t3_v1mpvu,/r/singapore/comments/v1mpvu/can_an_employer_deny_your_pr_application/ian9rvs/
ianaay8,v1mpvu,What is your friend working as?,1653992282,t3_v1mpvu,/r/singapore/comments/v1mpvu/can_an_employer_deny_your_pr_application/ianaay8/
ianbuhy,v1mpvu,They can choose not to support your PR application for whatever reason,1653993533,t3_v1mpvu,/r/singapore/comments/v1mpvu/can_an_employer_deny_your_pr_application/ianbuhy/
ian9cyu,v1mpvu,*Standard â€œI am not a Lawyerâ€ disclaimer applied.*\n\nIâ€™m pretty sure based on personal experience that getting the required documents from HR is completely at the discretion of your particular companyâ€™s HR department.,1653991463,t3_v1mpvu,/r/singapore/comments/v1mpvu/can_an_employer_deny_your_pr_application/ian9cyu/
iana5k5,v1mpvu,I think PR is granted by ICA?,1653992151,t1_ian9rvs,/r/singapore/comments/v1mpvu/can_an_employer_deny_your_pr_application/iana5k5/
ianah4e,v1mpvu,I have heard various successful cases in my social circle though and they are far from a big shot,1653992425,t1_ian9rvs,/r/singapore/comments/v1mpvu/can_an_employer_deny_your_pr_application/ianah4e/
ian48hm,v1lrhp,"This is a ""Serious Discussion"". Joke, irrelevant or off-topic comments will be removed and **offenders will face restrictions in accessing /r/singapore** such as temporary or permanent bans. Please report such posts and comments. OPs must also engage in a bona fide discussion, i.e. the post should not be one just to incite outrage.\n\n\n*I am a bot, and this action was performed automatically. Please [contact the moderators of this subreddit](/message/compose/?to=/r/singapore) if you have any questions or concerns.*",1653986837,t3_v1lrhp,/r/singapore/comments/v1lrhp/driving_with_children/ian48hm/
ianr203,v1lrhp,">or is this a law thatâ€™s just not enforced? \n\nThat's it right there, most laws related to driving, cars and car ownership are barely enforced. Not the target audience for law enforcement here.",1654003058,t3_v1lrhp,/r/singapore/comments/v1lrhp/driving_with_children/ianr203/
iao9wza,v1lrhp,"Parent here. In Singapore, there is no culture of ensuring child safety while travelling in a car both among parents and the authorities. A majority of my parent friends keep their child in their arms or in a baby carrier when in a car. They think itâ€™s fine if the driver is safe. The problem is not the driver though. Can you guarantee other that other road users will drive safely?\n\nTaxis donâ€™t care because theyâ€™re not legally obliged to have a car seat while plying the roads. Private hire cars wonâ€™t accept your booking if you donâ€™t have your own seat. \n\nThese days you can easily get a foldable car seat such as the Urban Kanga for toddlers or the MiFold booster for older children not tall enough to use the car seatbelt. As for babies, there arenâ€™t good solutions except a travel system stroller where the car seat and function as the pram seat if it clips onto the pram frame. Itâ€™s still pretty bulky. \n\nI have to argue with my parents to use a car seat whenever they drive with my child. Itâ€™s really ridiculous.",1654011697,t3_v1lrhp,/r/singapore/comments/v1lrhp/driving_with_children/iao9wza/
ian4dta,v1lrhp,"All occupants are required to be restrained under the Highway Code. If they are of a certain size, they need to be in booster seats. Many play the odds and hope they don't get caught.",1653986972,t3_v1lrhp,/r/singapore/comments/v1lrhp/driving_with_children/ian4dta/
iaqdp3o,v1lrhp,"When ferrying my relatives around during chinese new year, their kids and themselves did not wear any seatbelts in the back of the car despite my reminders. While on the highway, some phv decided to cut into my lane abruptly so i jammed the brakes and swerved to avoid (left lane was clear of vehicles). Mf (6yrs old) went flying through the centre gap and landed on the arm rest beside me while the rest of the ppl in the back seat were smacked their faces against the front head rest. They wore their seatbelts during day 2 of cny.",1654045911,t3_v1lrhp,/r/singapore/comments/v1lrhp/driving_with_children/iaqdp3o/
ian4y21,v1lrhp,I thought thatâ€™s illegal?,1653987493,t3_v1lrhp,/r/singapore/comments/v1lrhp/driving_with_children/ian4y21/
ian5e2e,v1lrhp,"Very common but I think the authorities also close one eye.. If they really wanted to catch, just standby outside the preschool..",1653987899,t3_v1lrhp,/r/singapore/comments/v1lrhp/driving_with_children/ian5e2e/
ianvv9x,v1lrhp,"For many years, the police only bothered to enforce seatbelts for the driver and front passenger.",1654005430,t3_v1lrhp,/r/singapore/comments/v1lrhp/driving_with_children/ianvv9x/
ian8g95,v1lrhp,Same logic as drunk drivers - they're sure they won't be the one to kenna any accidents.,1653990680,t3_v1lrhp,/r/singapore/comments/v1lrhp/driving_with_children/ian8g95/
ian8kju,v1lrhp,Just wait till you see the toddlers in the front seat with no restraint. Weâ€™ve got a family at my sonâ€™s preschool that rocks up everyday like that.,1653990787,t3_v1lrhp,/r/singapore/comments/v1lrhp/driving_with_children/ian8kju/
ian8ab5,v1lrhp,"after spending all their money buying the car, they don't have any left to buy a booster seat.",1653990535,t3_v1lrhp,/r/singapore/comments/v1lrhp/driving_with_children/ian8ab5/
ianv2hi,v1lrhp,Just need a one times good accident where the passenger becomes a missile,1654005048,t3_v1lrhp,/r/singapore/comments/v1lrhp/driving_with_children/ianv2hi/
iao306d,v1lrhp,"Slightly related, Iâ€™ve been seeing more kids running around in malls and Hawker centres than a decade ago\n\nMight have to do with the young couples not knowing how to parent and also refusing to use the old method of child raising",1654008700,t3_v1lrhp,/r/singapore/comments/v1lrhp/driving_with_children/iao306d/
ianf5fa,v1lrhp,That's why you always pop an heir and a spare,1653995991,t3_v1lrhp,/r/singapore/comments/v1lrhp/driving_with_children/ianf5fa/
iao3c7o,v1lrhp,"The sad reality is that so many parents choose to call cabs over Grab â€œbecause you donâ€™t need to bother with car seatsâ€ â€” when mifolds and ride safer vests are pretty light to carry, and there are plenty of cheaper versions too .",1654008850,t3_v1lrhp,/r/singapore/comments/v1lrhp/driving_with_children/iao3c7o/
iaol1nd,v1lrhp,most back passengers dont wear seatbelts,1654016403,t3_v1lrhp,/r/singapore/comments/v1lrhp/driving_with_children/iaol1nd/
ianq5b3,v1lrhp,One you own a car in Singapore the law no longer applies to you.  It's a perk of being rich.,1654002581,t3_v1lrhp,/r/singapore/comments/v1lrhp/driving_with_children/ianq5b3/
ian91u1,v1lrhp,"There is a certain demographic of emigrants who love to drive around with their toddler kids on their lap I kid you not. They tend to reside in the east and central area and are not afraid to defend their actions when confronted. After the 5th time trying to dissuade said drivers and getting verbally assaulted, I gave up. Good riddence you morons, have a nice trip down extinction lane with the rest of your family line.",1653991204,t3_v1lrhp,/r/singapore/comments/v1lrhp/driving_with_children/ian91u1/
ian9uqw,v1lrhp,Wait till you see kids moving around inside a convertible with the top down. Even scarier,1653991894,t3_v1lrhp,/r/singapore/comments/v1lrhp/driving_with_children/ian9uqw/
iandssa,v1lrhp,Never underestimate a small childâ€™s willingness to put up a resistance of intense wailing when it decides it does not want to be strapped down.,1653995011,t3_v1lrhp,/r/singapore/comments/v1lrhp/driving_with_children/iandssa/
ian7awa,v1lrhp,I thought itâ€™s only allowed for taxis,1653989665,t3_v1lrhp,/r/singapore/comments/v1lrhp/driving_with_children/ian7awa/
iaok03o,v1lrhp,"We use a harness so seat belts strap the child properly. That means we can strap the child in when using taxi. We never leave home without it.\n\nYes, many parents let their kids ride without seat belts.",1654015965,t3_v1lrhp,/r/singapore/comments/v1lrhp/driving_with_children/iaok03o/
iaqbp7a,v1lrhp,Some kids also roam free in the front passenger seat.,1654044998,t3_v1lrhp,/r/singapore/comments/v1lrhp/driving_with_children/iaqbp7a/
ian7ws1,v1lrhp,Relevant: \n\nhttps://images.app.goo.gl/zqBajw9DDwK5Gip56,1653990200,t3_v1lrhp,/r/singapore/comments/v1lrhp/driving_with_children/ian7ws1/
ian5uh1,v1lrhp,It amazes me that people think about getting caught vs turning their kid into a 20kg meat missile hurtling toward the driver/windscreen,1653988319,t1_ian4dta,/r/singapore/comments/v1lrhp/driving_with_children/ian5uh1/
iaqkbov,v1lrhp,or not getting into an accident.,1654049057,t1_ian4dta,/r/singapore/comments/v1lrhp/driving_with_children/iaqkbov/
ianxkxp,v1lrhp,Future drivers can look forward to that in as part of the post basic theory test gore slideshow,1654006239,t1_ianv2hi,/r/singapore/comments/v1lrhp/driving_with_children/ianxkxp/
iao7eu5,v1lrhp,Maybe because a lot of enrichment centres are located in malls these days...,1654010621,t1_iao306d,/r/singapore/comments/v1lrhp/driving_with_children/iao7eu5/
iaogifm,v1lrhp,"The average mall is basically one big playground for toddlers during the weekend, especially stores which sell actual ""toys"" (decathlon for example) are popular and get completely ravaged by toddlers while the parents watch it all happen with gusto.",1654014498,t1_iao306d,/r/singapore/comments/v1lrhp/driving_with_children/iaogifm/
iaof4mv,v1lrhp,Do u happen to know cheaper alternative to urban kanga? My LO is under 3yo,1654013916,t1_iao3c7o,/r/singapore/comments/v1lrhp/driving_with_children/iaof4mv/
ianp1a8,v1lrhp,https://mothership.sg/2022/05/young-boy-steer-bmw/\n\nDont look like emigrant to me tbh.,1654001989,t1_ian91u1,/r/singapore/comments/v1lrhp/driving_with_children/ianp1a8/
ian9b34,v1lrhp,"Bring back drunk driving and drum brakes! Down with seat belts, safety glass and airbags!",1653991420,t1_ian7ws1,/r/singapore/comments/v1lrhp/driving_with_children/ian9b34/
ianegyx,v1lrhp,I CANNOT SAY NO TO MY PRECIOUS ANGELS,1653995501,t1_ian5uh1,/r/singapore/comments/v1lrhp/driving_with_children/ianegyx/
ianxu2t,v1lrhp,"To be fair the odds of getting caught are probably higher than the meat missile. \n\nBesides, it can't happen to them with their superb driving skills right?",1654006357,t1_ian5uh1,/r/singapore/comments/v1lrhp/driving_with_children/ianxu2t/
iaqjjhj,v1lrhp,Costco scenera next is can be less than $50 in the US but is ridiculously priced in SGâ€¦ but still slightly cheaper . some people also sell it second hand after travelling . But itâ€™s a hard frame so need to make sure it has not been checked in as luggage too many times and no longer safe \n\nAt around 3 it might be more worth it to be on the look out for second hand mifold or  ride safer vestâ€¦ lots of mifold knock offs around. Once I scored an older generation ride safer vest at under 100.,1654048681,t1_iaof4mv,/r/singapore/comments/v1lrhp/driving_with_children/iaqjjhj/
ianao2u,v1lrhp,Thereâ€™s being overzealous and then there is total disregard. I think best practices is somewhere in between but thatâ€™s just my personal opinion. \n\nFact is cars today are already waaaaaaay more safer than in the past. Sure we can make it even safer but letâ€™s not pretend that not enforcing seatbelts and booster seats for kids is causing multiple preventable deaths and serious injuries that Singapore is suffering from right now.,1653992582,t1_ian9b34,/r/singapore/comments/v1lrhp/driving_with_children/ianao2u/
ianiwj2,v1lrhp,later really become angel,1653998462,t1_ianegyx,/r/singapore/comments/v1lrhp/driving_with_children/ianiwj2/
iao5w66,v1lrhp,A wise man once said 'What could possibly go wrong?',1654009968,t1_ianxu2t,/r/singapore/comments/v1lrhp/driving_with_children/iao5w66/
iandcw6,v1lrhp,"* While Singaporeâ€™s road fatality rate of 1.49 per 100,000 citizens is low, the road fatalities per vehicle is still relatively high. Using this measure, Singapore fares unfavourably with countries like Japan, UK, Australia and Canada. This indicates that while Singapore sees fewer road accidents compared to its peers, the accidents are more severe.*\n\nhttps://www.budgetdirect.com.sg/car-insurance/research/road-accident-statistics-in-singapore\n\nInteresting to see SG compares well in terms of road fatalities per capita but worse in terms of fatalities per vehicle.",1653994685,t1_ianao2u,/r/singapore/comments/v1lrhp/driving_with_children/iandcw6/
iand27z,v1lrhp,I think you have a very different take on things than me. \n\nCars are waaaaaaay safer for an occupant wearing a seatbelt for whom airbags and crumple zones work effectively. \nModern cars are not inherently way safer for an unrestrained occupant - the occupantâ€™s crumple zones have remained unchanged,1653994468,t1_ianao2u,/r/singapore/comments/v1lrhp/driving_with_children/iand27z/
iandz7p,v1lrhp,"Doesnâ€™t breakdown to kids being restrained vs unrestrained. \n\nAlso, might be due to our higher bike usage + unrestrained foreign worker transports. \n\nBut Iâ€™m just throwing shit out of my arse so donâ€™t think too much about it.",1653995141,t1_iandcw6,/r/singapore/comments/v1lrhp/driving_with_children/iandz7p/
iandtnu,v1lrhp,"I totally agree with you re: seatbelt etc makes thing safer donâ€™t get me wrong. \n\nIâ€™m just asking so what? \n\nIs there a car accident pandemic where many unrestrained kids are dying/injured such that itâ€™s a problem that require the G to enforce safety standards to be 100% adhered to? \n\nWhere is the urgency and do you have the stats to show it? Also, a relevant fact is that government is obviously comfortable with the risk to allow kids to have no booster seats in taxis. \n\nYes there is risk, but clearly the problem might be bigger in your head vs reality.",1653995030,t1_iand27z,/r/singapore/comments/v1lrhp/driving_with_children/iandtnu/
ianegvo,v1lrhp,Letâ€™s not mention unrestrained passengers in the back of work vehicles,1653995499,t1_iandz7p,/r/singapore/comments/v1lrhp/driving_with_children/ianegvo/
ianeeoh,v1lrhp,Youâ€™re probably right - I have recently returned from abroad and have seen zero tolerance policing of safety restraints in the west. \n\nItâ€™s a very jarring difference - maybe road safety is an area where SG measures itself against local neighbours instead of global peers?,1653995456,t1_iandtnu,/r/singapore/comments/v1lrhp/driving_with_children/ianeeoh/
ianihvw,v1lrhp,Jo Teo approves - not one of them came to her and asked her for better and safer transport.,1653998209,t1_ianegvo,/r/singapore/comments/v1lrhp/driving_with_children/ianihvw/
ianiecf,v1lrhp,"Regardless who we benchmark against I would like to ask once more, whereâ€™s the urgency?",1653998145,t1_ianeeoh,/r/singapore/comments/v1lrhp/driving_with_children/ianiecf/
ianm36u,v1lrhp,"You can make that argument for anything, until itâ€™s too late",1654000366,t1_ianiecf,/r/singapore/comments/v1lrhp/driving_with_children/ianm36u/
iano83e,v1lrhp,"And the reverse is also true isnâ€™t it? \n\nLetâ€™s do EVERYTHING JUST IN CASE IT IS TOO LATE.\n\nSo instead of being disingenuous, present your case why this is a serious problem that we should change how we are doing things. \n\nI personally canâ€™t see why things are ok now but suddenly 10 years down the road weâ€™ll suddenly have a slew of kids dying in numerous car accidents just because we have not been enforcing kids wearing seatbelts and booster seats. \n\nSomehow in your view this is possible, please explain why and how.",1654001553,t1_ianm36u,/r/singapore/comments/v1lrhp/driving_with_children/iano83e/
ianpycy,v1lrhp,Simple: We currently enforce other traffic laws with negligible societal costs (eg parking enforcement outside commercial areas). Why would we prioritise those over road safety measures with a direct societal and economic cost?\n\nNote Economic costs of child injury is far greater than that for adults given longer lifetimes over which costs (including productivity costs to the individual and their families) may manifest.\n\nI personally believe itâ€™s worth enforcing existing road safety laws in the manner of other first world nations. Singaporeâ€™s failure to do so indicates an unexpected (to me) prioritisation. \n\nShort of conducting a study thatâ€™s about the best youâ€™ll get at 9pm on a Tuesday.,1654002478,t1_iano83e,/r/singapore/comments/v1lrhp/driving_with_children/ianpycy/
ianwz8x,v1lrhp,"I donâ€™t think you answered my question - I said whereâ€™s  the urgency, you said if we donâ€™t do it now it will be too late, implying that if we donâ€™t start enforcing now weâ€™ll see an increase number of kids injured/killed because reasons.\n\nI asked what is these reasons and you totally didnâ€™t give any, but start to ramble about kids getting killed/injured having economic cost. \n\nWhy would us not doing anything different from now will lead to greater pandemic of kids having even more number of vehicular related accidents in the future???? \n\nReality disagree with you lady - despite G not enforcing the number of fatalities and injuries are getting lower not higherâ€¦. Once again, let me reiterate that the problem is bigger in your head than it really is.\n\nAnd lastly, Iâ€™ll just summarise my position and forever stay silent on this topic - not my hill to die on - I fully agree with you that safety is great, and one can easily do more to with at very little cost to improve safety. \n\nHOWEVER, to start doing draconian enforcement to ensure high level of compliance - why??? Where is the fire??? How many kids are we losing each year due to this non-compliance??? Why would anybody sane want to advocate even greater government oversight on something that is literally not an issue? \n\nFFS you are an expat, Iâ€™m gonna assume from the western world and Iâ€™m surprised you actually want more stricter regulation and enforcement? I thought SG government oversight is already too draconian for most of you guys.\n\nP.S. FWIW itâ€™s as strict in SG as other countries - Iâ€™ve lived in NYC and London and even though itâ€™s a must to have child seat rarely do you get stopped by police because of this - thatâ€™s if you bump into them even. Trust me if traffic police in SG see kids jumping around theyâ€™ll likely pull you over. \n\nYou guys in the western world arenâ€™t doing this because of greater police state, itâ€™s because you guys believe in it. Simply put, many people here donâ€™t share that same risk assessment as you guys, and honestly I donâ€™t see a huge difference in stats either way.",1654005954,t1_ianpycy,/r/singapore/comments/v1lrhp/driving_with_children/ianwz8x/
ianxcml,v1lrhp,"Whatâ€™s the urgency in enforcing drug laws? Urgency is not the right criteria. \n\nYou win an internet argument based on your own tortured, contrived criteria. Bravo.",1654006129,t1_ianwz8x,/r/singapore/comments/v1lrhp/driving_with_children/ianxcml/
ianyntc,v1lrhp,"No my dear, but if you want to CHANGE something then obviously there needs to be a stimulant/catalyst that is changing the current situation. \n\nP.S. there was an urgency to enact strict drug laws back when we were getting independent. Btw Boat Quay was full of opium dens until we outlawed that. \n\nSo yes, from no strict drug laws to strict drug law there was something urgent. But obviously thereâ€™s nothing urgent now for us to change how we enforce drugs now is there? So everything stays the same. \n\nSo tell me again where the urgency to change how we enforce kids wearing seatbelts?\n\nP.P.S. my dear you are the one that brought up timeframe as a factor when you said â€œtoo lateâ€, hence I said urgencyâ€¦.",1654006746,t1_ianxcml,/r/singapore/comments/v1lrhp/driving_with_children/ianyntc/
iao3vkm,v1lrhp,"Your argument is confused. I am not calling for new laws a la your opium parallel. I am asking why current laws are not enforced, not to change those laws. Thatâ€™s where your parallel falls apart. \n\nWhat was the urgency that promoted government action to draft and pass seatbelt laws in 2011? I would argue there was none more significant than exists today thus the case for enforcement remains unchanged. \n \nAgain, I am not arguing to change the laws. I asked \n1) why are parents so dismissive of their childrenâ€™s safety (speculative) and \n2) are there laws and are they just not enforced (since confirmed). \n\nYou have contrived a call for change of laws - thatâ€™s on you, sweet summer child.",1654009089,t1_ianyntc,/r/singapore/comments/v1lrhp/driving_with_children/iao3vkm/
iao5hdh,v1lrhp,"You are calling more new enforcementâ€¦..\n\nIâ€™m asking why. \n\nYou said because if not it may be too late.\n\nI asked why so urgent? \n\nImagine being a foreign Karen asking why local police arenâ€™t being enthusiastically enforcing a law that literally isnâ€™t hurting anybody one else, people ainâ€™t dying and no significant statistically difference noted. In a country which most western world regard as draconian to boot. \n\nPls. If anything youâ€™re the naive one thinking that the reason people are using child seatbelts is because of strict enforcement in your home country. Iâ€™ve lived in UK and US and Iâ€™ve rarely seen traffic police doing anything more than speed traps. Itâ€™s not as if your police is strictly enforcing child seats but simply using it as an added reason for racial motivated harassment on the roads. \n\nRegardless - not much difference anyway isnâ€™t it - stop clutching pearls over non-events. But sure be my guest to gloat and say â€œI told you soâ€ in the event we lose our next generation in the upcoming carpocalypse that you say will come if we dont start enforcing stricter safety rules.\n\nRemindMe! 5 years",1654009786,t1_iao3vkm,/r/singapore/comments/v1lrhp/driving_with_children/iao5hdh/
iao8bwd,v1lrhp,Donâ€™t be facetious. Youâ€™re not engaging in an honest consideration of the questions posed in the OP - youâ€™re just trolling to feel some attention. \n\nCops in the UK and Australia issue seatbelt-related fines based on my anecdotal knowledge of people copping them (one in the UK based on a picture from a speed camera). Are you presuming theyâ€™re examples of racially motivated harassment?\n\nTheyâ€™re even installing seatbelt detecting cameras in one Aussie state after having success with mobile phone use detecting cameras. Do you suppose those cameras are racist too?\n\nNativity is hard to spot in oneâ€™s self.,1654011017,t1_iao5hdh,/r/singapore/comments/v1lrhp/driving_with_children/iao8bwd/
iaobmoi,v1lrhp,"Lol u from down under mate? \n\nYes I agree with Australia thatâ€™s the only place Iâ€™ve driven where traffic laws are sacred.\n\nLol I hope you do see the irony regarding oneself, spotting and naivety. \n\nObviously the thing about racial motivated harassment is said in jest as a cheeky jabâ€¦. youâ€™re clearly taking this way too seriously. \n\nBut come on, surely you can see what Iâ€™ve been desperately trying to show you thus far - why is an ang moh woman clutching pearls about Asian kids not wearing seat belts even though she is unable to show that the doomsday outcome that sheâ€™s trying to help us prevent? Gosh the folly of Asian stupidity, if only we have more white saviour teaching us how to live better. \n\nOh wait, white saviour wants more police action? Dafuq? I thought you guys want LESS police actionâ€¦. Now Iâ€™m confused. Must be cuz my Asian sweet summer child logic is too convoluted lol. Oh sorry, I meant my naivety. \n\nAnyway whatâ€™s the next clutching pearls event for you, ban abortion in SG? Economic cost of not having enough babies in SG is pretty high as you mustâ€™ve known. Thought that might be of interest to you since you seem to have strong opinions about actions of others that literally do not have anything to do with yourself and are risky but mostly harmless.\n\nP.S. not trolling but again I donâ€™t see why this is such a pain point for you - I see kids never wear seat belt I must make a post and ask Whyyyyyyâ€¦. Oh the humanityâ€¦â€¦ clutch clutch clutch. Unfortunately you met me, where I tend to clutch pearls when I see others clutching pearls. Lol we deserve each other.",1654012421,t1_iao8bwd,/r/singapore/comments/v1lrhp/driving_with_children/iaobmoi/
ian5ljm,v1lo39,"Announcement on board :""We would like to inform u that this flight is powered by cooking oil""\n\nEveryone on board:(Chuckles) ""im in danger""",1653988087,t3_v1lo39,/r/singapore/comments/v1lo39/malaysia_airlines_will_operate_its_first_flight/ian5ljm/
iansn3h,v1lo39,"""Babe, smells like goreng pisang! Are they serving that as in-flight snacks?""\n\n""It's not the snacks, the engine's on fire!""",1654003860,t3_v1lo39,/r/singapore/comments/v1lo39/malaysia_airlines_will_operate_its_first_flight/iansn3h/
iansemg,v1lo39,Wait why's everyone memeing about this? Isn't it good that we're exploring alternative sources of fuel instead of continuing to burn fossil fuels?,1654003740,t3_v1lo39,/r/singapore/comments/v1lo39/malaysia_airlines_will_operate_its_first_flight/iansemg/
ian4eyi,v1lo39,Hope they give away some fried chicken to each passenger after each flight.,1653987000,t3_v1lo39,/r/singapore/comments/v1lo39/malaysia_airlines_will_operate_its_first_flight/ian4eyi/
iane5sk,v1lo39,TL;DR: They'll be frying over this weekend.,1653995276,t3_v1lo39,/r/singapore/comments/v1lo39/malaysia_airlines_will_operate_its_first_flight/iane5sk/
ian450f,v1lo39,åŠ æ²¹ = Add Oil!,1653986747,t3_v1lo39,/r/singapore/comments/v1lo39/malaysia_airlines_will_operate_its_first_flight/ian450f/
ian8va0,v1lo39,Cooking oil?? LOL. Quite funny ngl.,1653991047,t3_v1lo39,/r/singapore/comments/v1lo39/malaysia_airlines_will_operate_its_first_flight/ian8va0/
iao79xe,v1lo39,When I saw [Top Gear](https://youtu.be/1lqCwNReU1Y) do it I thought they were bullshitting,1654010562,t3_v1lo39,/r/singapore/comments/v1lo39/malaysia_airlines_will_operate_its_first_flight/iao79xe/
iapcmpr,v1lo39,Whatâ€™s the use of all that cooking oil when thereâ€™s no chicken to fry eh ðŸ˜,1654028728,t3_v1lo39,/r/singapore/comments/v1lo39/malaysia_airlines_will_operate_its_first_flight/iapcmpr/
ianc5td,v1lo39,You all damn bad leh,1653993779,t3_v1lo39,/r/singapore/comments/v1lo39/malaysia_airlines_will_operate_its_first_flight/ianc5td/
ian8xeb,v1lo39,*imagining Jamie Oliver insisting only Olive Oil can be used for the flight...like he always did for everything,1653991098,t3_v1lo39,/r/singapore/comments/v1lo39/malaysia_airlines_will_operate_its_first_flight/ian8xeb/
iao5gah,v1lo39,Export chicken ðŸ™…ðŸ»â€â™€ï¸ fly with cooking oil ðŸ•ºðŸ»,1654009772,t3_v1lo39,/r/singapore/comments/v1lo39/malaysia_airlines_will_operate_its_first_flight/iao5gah/
iano5ef,v1lo39,Jet engines.. Just like diesel engines they can use cooking oil\n\nI saw A380 used it recently too https://www.popularmechanics.com/science/energy/a39612851/airbus-a380-flies-on-cooking-oil/,1654001511,t3_v1lo39,/r/singapore/comments/v1lo39/malaysia_airlines_will_operate_its_first_flight/iano5ef/
iane6bg,v1lo39,Finally the used oil my mom keeps is worth something,1653995287,t3_v1lo39,/r/singapore/comments/v1lo39/malaysia_airlines_will_operate_its_first_flight/iane6bg/
ian8hv3,v1lo39,end up going to be used to cook the passengers instead,1653990721,t3_v1lo39,/r/singapore/comments/v1lo39/malaysia_airlines_will_operate_its_first_flight/ian8hv3/
ian9llu,v1lo39,"If crash and burn, the passengers will be nicely toasted w the cooking oil",1653991671,t3_v1lo39,/r/singapore/comments/v1lo39/malaysia_airlines_will_operate_its_first_flight/ian9llu/
iannx3b,v1lo39,"Was going to rebut about Singapore Airlines beating Malaysian Airlines to the punch, but oh well, [we are going to have them only in Q3 this year](https://www.spglobal.com/commodityinsights/en/market-insights/latest-news/energy-transition/021422-singapore-airlines-scoot-to-use-sustainable-aviation-fuel-for-all-flights-from-q3).\n\nStill wonâ€™t fly with them, after their kerfuffle with my familyâ€™s flight transfer arrangements with me, flying to Japan on a holiday. Their flight from JHB to KUL was cancelled without warning, and I had to spend one night alone without my family members in Osaka.",1654001384,t3_v1lo39,/r/singapore/comments/v1lo39/malaysia_airlines_will_operate_its_first_flight/iannx3b/
iao13d7,v1lo39,"This is cool but KL to SG is such a short flight, high speed train would be much bettter",1654007853,t3_v1lo39,/r/singapore/comments/v1lo39/malaysia_airlines_will_operate_its_first_flight/iao13d7/
ian4qgz,v1lo39,"Hey wait a second, this is a parody isnt it?",1653987295,t3_v1lo39,/r/singapore/comments/v1lo39/malaysia_airlines_will_operate_its_first_flight/ian4qgz/
iangj8g,v1lo39,How many times they gonna reuse this oil?,1653996932,t3_v1lo39,/r/singapore/comments/v1lo39/malaysia_airlines_will_operate_its_first_flight/iangj8g/
iaocghm,v1lo39,Stay classy with your comments singaporeans,1654012775,t3_v1lo39,/r/singapore/comments/v1lo39/malaysia_airlines_will_operate_its_first_flight/iaocghm/
ian4z9a,v1lo39,"Since used cooking oil, so jb to sg flight.\n\nIf new oil, KL to sg.",1653987523,t3_v1lo39,/r/singapore/comments/v1lo39/malaysia_airlines_will_operate_its_first_flight/ian4z9a/
iao2lyo,v1lo39,Am I the only one that read 'cooking oil' as 'choking oil',1654008527,t3_v1lo39,/r/singapore/comments/v1lo39/malaysia_airlines_will_operate_its_first_flight/iao2lyo/
ianb5ck,v1lo39,Essential oil so the airplane smell nice??,1653992981,t3_v1lo39,/r/singapore/comments/v1lo39/malaysia_airlines_will_operate_its_first_flight/ianb5ck/
iand2d2,v1lo39,Oh god we don't want another Malaysian flight 370 style disappearance,1653994471,t3_v1lo39,/r/singapore/comments/v1lo39/malaysia_airlines_will_operate_its_first_flight/iand2d2/
ianfqkg,v1lo39,Malaysia airlines canâ€™t help themselves to be famous for all the wrong reasons,1653996390,t3_v1lo39,/r/singapore/comments/v1lo39/malaysia_airlines_will_operate_its_first_flight/ianfqkg/
ian61kb,v1lo39,lmao its gonna crash landing into sg,1653988505,t3_v1lo39,/r/singapore/comments/v1lo39/malaysia_airlines_will_operate_its_first_flight/ian61kb/
iangs0p,v1lo39,That's a pretty lit joke.,1653997096,t3_v1lo39,/r/singapore/comments/v1lo39/malaysia_airlines_will_operate_its_first_flight/iangs0p/
iana6b7,v1lo39,Got chicken oil?,1653992170,t3_v1lo39,/r/singapore/comments/v1lo39/malaysia_airlines_will_operate_its_first_flight/iana6b7/
ianjb96,v1lo39,I've watched enough top gear to know how this may end up.,1653998710,t3_v1lo39,/r/singapore/comments/v1lo39/malaysia_airlines_will_operate_its_first_flight/ianjb96/
iancigv,v1lo39,"Especially relevant in maritime SEA, where air travel adoption is gaining pace",1653994051,t3_v1lo39,/r/singapore/comments/v1lo39/malaysia_airlines_will_operate_its_first_flight/iancigv/
ianose5,v1lo39,Here we go again...,1654001856,t3_v1lo39,/r/singapore/comments/v1lo39/malaysia_airlines_will_operate_its_first_flight/ianose5/
iant5nk,v1lo39,Teruteru Hanamura: ðŸ‘ï¸ðŸ‘„ðŸ‘ï¸,1654004116,t3_v1lo39,/r/singapore/comments/v1lo39/malaysia_airlines_will_operate_its_first_flight/iant5nk/
iao2njj,v1lo39,They chose the year when food supplies are tighter than any other moment in the last decade ðŸ¤¦,1654008547,t3_v1lo39,/r/singapore/comments/v1lo39/malaysia_airlines_will_operate_its_first_flight/iao2njj/
iaotqvq,v1lo39,"Got pass safety standard? This one if mid air explode means no more alive lehâ€¦ even powerbank also high risk, cooking oil?",1654020037,t3_v1lo39,/r/singapore/comments/v1lo39/malaysia_airlines_will_operate_its_first_flight/iaotqvq/
iana871,v1lo39,"its ok, no armed russians here",1653992216,t1_ian5ljm,/r/singapore/comments/v1lo39/malaysia_airlines_will_operate_its_first_flight/iana871/
iao0fjy,v1lo39,It's not mutually exclusive,1654007554,t1_iansemg,/r/singapore/comments/v1lo39/malaysia_airlines_will_operate_its_first_flight/iao0fjy/
iao0ghq,v1lo39,Yep. And [itâ€™s not the first time ](https://www.abc.net.au/news/2012-04-13/biofuel-qantas-flight-trial/3947724)this has been done either.,1654007566,t1_iansemg,/r/singapore/comments/v1lo39/malaysia_airlines_will_operate_its_first_flight/iao0ghq/
iaq65c3,v1lo39,You are clearly not a technical person.,1654042305,t1_iansemg,/r/singapore/comments/v1lo39/malaysia_airlines_will_operate_its_first_flight/iaq65c3/
iaq1cpf,v1lo39,Cats will follow them down the runway.,1654039976,t1_ian8va0,/r/singapore/comments/v1lo39/malaysia_airlines_will_operate_its_first_flight/iaq1cpf/
ian9jg9,v1lo39,"If its extra virgin, the flight would be blessed.",1653991616,t1_ian8xeb,/r/singapore/comments/v1lo39/malaysia_airlines_will_operate_its_first_flight/ian9jg9/
ian9ij8,v1lo39,As uncle Roger likes to call him: Jamie oliveoil lol,1653991594,t1_ian8xeb,/r/singapore/comments/v1lo39/malaysia_airlines_will_operate_its_first_flight/ian9ij8/
iaouchn,v1lo39,"Sir, how much?\n\nUncle, Knife Brand, Full Tank, Thank You.",1654020289,t1_ian4z9a,/r/singapore/comments/v1lo39/malaysia_airlines_will_operate_its_first_flight/iaouchn/
ianr6rp,v1lo39,"The oil is indeed essential because without it the plane cannot fly. Not sure it'll smell nice, though.",1654003126,t1_ianb5ck,/r/singapore/comments/v1lo39/malaysia_airlines_will_operate_its_first_flight/ianr6rp/
ianhaw4,v1lo39,How is this a wrong reason? I assume the aviation industry is heavily regulated and that the fuel used has to be approved by both the manufacturer and aviation authorities.,1653997439,t1_ianfqkg,/r/singapore/comments/v1lo39/malaysia_airlines_will_operate_its_first_flight/ianhaw4/
iaouj0j,v1lo39,Shallot Oil for more power,1654020364,t1_iana6b7,/r/singapore/comments/v1lo39/malaysia_airlines_will_operate_its_first_flight/iaouj0j/
iaqon06,v1lo39,"The source of said *used* cooking oil is gonna be from industrial food manufacturers, not your kuching-kurak mama stalls or regular households. Better to use it as fuel than to dump it, no?\n\nAlso, no oneâ€™s gonna be eating *used* cooking oil in the region, and shipping it out to other regions is very counterproductive from an emissions standpoint.",1654051184,t1_iao2njj,/r/singapore/comments/v1lo39/malaysia_airlines_will_operate_its_first_flight/iaqon06/
iang21z,v1lo39,You got done dirty by the orcs/wumaos,1653996610,t1_iana871,/r/singapore/comments/v1lo39/malaysia_airlines_will_operate_its_first_flight/iang21z/
iao2y46,v1lo39,"Well I'm seeing that the sentiments leans one way significantly, so yes while they aren't, it's still a bit odd",1654008675,t1_iao0fjy,/r/singapore/comments/v1lo39/malaysia_airlines_will_operate_its_first_flight/iao2y46/
iaq7uap,v1lo39,"Granted I'm not, but I doubt most of the people here* are, no?",1654043133,t1_iaq65c3,/r/singapore/comments/v1lo39/malaysia_airlines_will_operate_its_first_flight/iaq7uap/
ianq77c,v1lo39,I can imagine what the future ads would be like\n\n>	We only fly extra virgin. No thot blend.,1654002609,t1_ian9jg9,/r/singapore/comments/v1lo39/malaysia_airlines_will_operate_its_first_flight/ianq77c/
iaou76b,v1lo39,Reminds me. We need Kong Hee Oil.,1654020228,t1_ian9jg9,/r/singapore/comments/v1lo39/malaysia_airlines_will_operate_its_first_flight/iaou76b/
iaqr6y9,v1lo39,That one Virgin Atlantic will use,1654052468,t1_ian9jg9,/r/singapore/comments/v1lo39/malaysia_airlines_will_operate_its_first_flight/iaqr6y9/
iantrq5,v1lo39,Pls no foreign politics or fica come,1654004421,t1_iang21z,/r/singapore/comments/v1lo39/malaysia_airlines_will_operate_its_first_flight/iantrq5/
iao0qm8,v1lo39,nah folks just have a hate boner for the islands most important trading partner,1654007692,t1_iang21z,/r/singapore/comments/v1lo39/malaysia_airlines_will_operate_its_first_flight/iao0qm8/
ian37hw,v1lkeo,"> # How inspections at night unravelled a S$1.25 million subletting scheme on Airbnb and HomeAway\n\n> SINGAPORE: Inspections at night at rented properties in the heart of Singapore helped unravel a former real estate agentâ€™s scheme to sublet homes for short-term accommodation.\n\n> Simon Chan Chai Wan, 57, was fined about S$1.16 million on Monday (May 30) for providing such accommodation on platforms such as Airbnb and HomeAway.\n\n> His girlfriend Zhao Jing, 43, was fined S$84,000 for helping him in the scheme by renting two properties and managing the online accounts.\n\n> The fine given to Chan was the largest amount handed out to a person in Singapore for such offences, the Urban Redevelopment Authority (URA) said on Monday.\n\n> Chan rented out 14 properties â€“ two under Zhao and the remaining under companies HTM Solutions, HTM Management and SNS Infotech Global â€“ between Jun 30, 2017 and July 2018.\n\n> They were directors of HTM Solutions and HTM Management for certain periods between 2016 and 2018, and Chan was also the former director of SNS Infotech Global.\n\n> Chan chose properties in the central areas of Singapore â€“ River Valley and Orchard Road â€“ as well as Keppel Bay, Tanjong Pagar and Telok Ayer.\n\n> The properties were rented for several months to a year and Chan paid between S$3,700 to S$4,200 per month to the property owners.\n\n> But at no time did either Chan or Zhao tell the owners they were being sublet for short-term accommodation.\n\n> Under URA regulations, all private residential properties rented out for accommodation purposes must have a minimum stay duration of three consecutive months.\n\n---\n1.0.2 | [Source code](https://github.com/fterh/sneakpeek) | [Contribute](https://github.com/fterh/sneakpeek)",1653985901,t3_v1lkeo,/r/singapore/comments/v1lkeo/how_inspections_at_night_unravelled_a_s125/ian37hw/
ian2xz0,v1krr0,"Tangentially related story: Some friends of mine in uni made their own cider and named it ""sewercide"" because of the smell and potential risk to health. I declined to try it.",1653985659,t3_v1krr0,/r/singapore/comments/v1krr0/stephen_colbert_comments_on_newbrew/ian2xz0/
ian5mj2,v1krr0,I like the implication that our sewage beer is still better that Natural Light cause that shit really is just piss poor,1653988113,t3_v1krr0,/r/singapore/comments/v1krr0/stephen_colbert_comments_on_newbrew/ian5mj2/
ianj639,v1krr0,"Something that people might not know. Newater is actually ""too clean"" compared to tap water. So much so that its used in wafer fabrication",1653998625,t3_v1krr0,/r/singapore/comments/v1krr0/stephen_colbert_comments_on_newbrew/ianj639/
ian3iis,v1krr0,_Urine for a treat!_,1653986177,t3_v1krr0,/r/singapore/comments/v1krr0/stephen_colbert_comments_on_newbrew/ian3iis/
ian7a6b,v1krr0,"I tried it and its unironically not bad lol, just like any brewerkz beer really",1653989646,t3_v1krr0,/r/singapore/comments/v1krr0/stephen_colbert_comments_on_newbrew/ian7a6b/
ian69lf,v1krr0,"""This beer literally tastes like piss!""",1653988714,t3_v1krr0,/r/singapore/comments/v1krr0/stephen_colbert_comments_on_newbrew/ian69lf/
ian6upi,v1krr0,Contains no artificial colourings.,1653989254,t3_v1krr0,/r/singapore/comments/v1krr0/stephen_colbert_comments_on_newbrew/ian6upi/
ian45b8,v1krr0,Got it from NTUC and it's actually not bad.,1653986755,t3_v1krr0,/r/singapore/comments/v1krr0/stephen_colbert_comments_on_newbrew/ian45b8/
ian75r8,v1krr0,tiger beer also brewed with singapore water what got any difference?,1653989537,t3_v1krr0,/r/singapore/comments/v1krr0/stephen_colbert_comments_on_newbrew/ian75r8/
ian8r1y,v1krr0,"im just glad that after the trump administration, the tonight show finally found some other topics other than Donald Trump to talk about.",1653990944,t3_v1krr0,/r/singapore/comments/v1krr0/stephen_colbert_comments_on_newbrew/ian8r1y/
ian6faq,v1krr0,The smell of getting hammered is being pissed.,1653988855,t3_v1krr0,/r/singapore/comments/v1krr0/stephen_colbert_comments_on_newbrew/ian6faq/
ianiji2,v1krr0,"This kind of stupidity is why reverse osmosis water won't take off in the US, even despite the water shortages in the west coast. Even the card-carrying Democrats can't look past stupid gotchas despite there being a solution that is scientifically sound (and is much less energetically costly than desalination).",1653998236,t3_v1krr0,/r/singapore/comments/v1krr0/stephen_colbert_comments_on_newbrew/ianiji2/
ianu0yx,v1krr0,Bear Grylls: Heavy breathing,1654004546,t3_v1krr0,/r/singapore/comments/v1krr0/stephen_colbert_comments_on_newbrew/ianu0yx/
ianfir5,v1krr0,I do wander what the process is tho lmao\n\nAlso slightly unrelated note but Stephen Colbert is prob one of the only western comedians who actually is capable of making clever and funny commentary.,1653996242,t3_v1krr0,/r/singapore/comments/v1krr0/stephen_colbert_comments_on_newbrew/ianfir5/
iaq90cz,v1krr0,Seems like they are only talking about the fact that itâ€™s urine haha what a bad place Singapore is but donâ€™t seem to consider the other ramifications for such a thing.,1654043701,t3_v1krr0,/r/singapore/comments/v1krr0/stephen_colbert_comments_on_newbrew/iaq90cz/
iangi9d,v1krr0,kim to  we aww A\n  aww f thanks,1653996914,t3_v1krr0,/r/singapore/comments/v1krr0/stephen_colbert_comments_on_newbrew/iangi9d/
ianit9o,v1krr0,Ah bootleg moonshine just like in the Prohibition days,1653998408,t1_ian2xz0,/r/singapore/comments/v1krr0/stephen_colbert_comments_on_newbrew/ianit9o/
ianu1hg,v1krr0,"Not done properly, you can get blinded",1654004553,t1_ian2xz0,/r/singapore/comments/v1krr0/stephen_colbert_comments_on_newbrew/ianu1hg/
iapze7e,v1krr0,majulah singapura ðŸ’ªðŸ’ªðŸ’ª,1654039044,t1_ian5mj2,/r/singapore/comments/v1krr0/stephen_colbert_comments_on_newbrew/iapze7e/
ianl5jj,v1krr0,"What? Really?\n\nWow that's a good thing!\n\nWafer fabs water usage has been a pain in the ass as they've been jostling with cities for water for ages.\n\nIf the treatment creates water that fabs can use, we might just have a future for fab industry here",1653999815,t1_ianj639,/r/singapore/comments/v1krr0/stephen_colbert_comments_on_newbrew/ianl5jj/
ianf0oz,v1krr0,Good old PiÃŸwasser,1653995898,t1_ian3iis,/r/singapore/comments/v1krr0/stephen_colbert_comments_on_newbrew/ianf0oz/
iaob0ew,v1krr0,i really liked it ðŸ˜„,1654012161,t1_ian7a6b,/r/singapore/comments/v1krr0/stephen_colbert_comments_on_newbrew/iaob0ew/
iandmel,v1krr0,It IS piss Austin,1653994881,t1_ian69lf,/r/singapore/comments/v1krr0/stephen_colbert_comments_on_newbrew/iandmel/
ianaito,v1krr0,">""This beer literally tastes like piss!""\n\nHah!",1653992462,t1_ian69lf,/r/singapore/comments/v1krr0/stephen_colbert_comments_on_newbrew/ianaito/
iana97j,v1krr0,"NEWater is sewage water which goes through sewage treatment facilities, then water purification for safe consumption.\n\nNormal water is sewage water which goes through sewage treatment, discharged to reservoirs where it gets mixed with rainwater, otter piss and monitor lizard poop, then gets sent to water treatment for safe consumption.\n\nBoth are perfectly safe to drink, however NEWater is closer to distilled water and has no minerals in it which makes it taste awful on its own. So if you want to drink water, normal water is better. If you are using it for industrial use, or making drinks out of it, NEWater is fine.",1653992240,t1_ian75r8,/r/singapore/comments/v1krr0/stephen_colbert_comments_on_newbrew/iana97j/
ianfppw,v1krr0,"On the other hand, they seem to miss all the mistakes biden has done which they criticised during trump administration",1653996374,t1_ian8r1y,/r/singapore/comments/v1krr0/stephen_colbert_comments_on_newbrew/ianfppw/
iao8nmb,v1krr0,"Wow actually, they actually stopped talking about Trump?! Nice I'll go check them out again then",1654011156,t1_ian8r1y,/r/singapore/comments/v1krr0/stephen_colbert_comments_on_newbrew/iao8nmb/
iank2sz,v1krr0,It takes a special kind of stupidity to not realize it's a joke.,1653999174,t1_ianiji2,/r/singapore/comments/v1krr0/stephen_colbert_comments_on_newbrew/iank2sz/
iani1d9,v1krr0,The process is just using new water to brew beer as per normal.,1653997916,t1_ianfir5,/r/singapore/comments/v1krr0/stephen_colbert_comments_on_newbrew/iani1d9/
iao6pb5,v1krr0,"Nah, it'll just taste like shit and maybe give you lao sai.  You only get methanol of you fuck up distillation.",1654010319,t1_ianu1hg,/r/singapore/comments/v1krr0/stephen_colbert_comments_on_newbrew/iao6pb5/
ianmqbc,v1krr0,"Not just a future, there's already a large presence. Globalfoundries (thanks to Chartered) and Micron both have major operations in Singapore, among others: https://en.m.wikipedia.org/wiki/List_of_semiconductor_fabrication_plants",1654000727,t1_ianl5jj,/r/singapore/comments/v1krr0/stephen_colbert_comments_on_newbrew/ianmqbc/
iannarf,v1krr0,How about the fap industry?,1654001040,t1_ianl5jj,/r/singapore/comments/v1krr0/stephen_colbert_comments_on_newbrew/iannarf/
ianicn3,v1krr0,"Treated effluent from wastewater treatment plants definitely donâ€™t get discharged into reservoirs, in face, in Singapore we only practice indirect potable reuse which means that the only time you drink NEWater is when reservoir level gets too Low, then NEWater gets discharged into the reservoirs before going through treatment at our waterworks aft being mixed with rainwater",1653998114,t1_iana97j,/r/singapore/comments/v1krr0/stephen_colbert_comments_on_newbrew/ianicn3/
iaqfidr,v1krr0,>	has no minerals in it which makes it taste awful on its own\n\nor it could be the lack of lizard poop,1654046768,t1_iana97j,/r/singapore/comments/v1krr0/stephen_colbert_comments_on_newbrew/iaqfidr/
ianritn,v1krr0,"You mean the bottled NEWater tastes awful or some pre-treated stage? I always thought NEWater tasted good, like I'll even sip it for the lightly bitter taste.",1654003294,t1_iana97j,/r/singapore/comments/v1krr0/stephen_colbert_comments_on_newbrew/ianritn/
ianl8le,v1krr0,"It's obviously a joke. A joke without even a kernel of truth, made on a show that usually specialises in social commentary, is a dumb joke. Even more so when public perception of water recycling via reverse osmosis is already poor in the US, and instead of helping he's just making it worse.\n\nThis is a guy who tries really hard to portray himself as a progressive who cares about environmental and social issues, but when talking about solutions to water scarcity in places like San Diego, is quite happy to jump on the 'toilet to tap' train. And yes, people in the US actually unironically deride RO water as 'toilet to tap'.",1653999864,t1_iank2sz,/r/singapore/comments/v1krr0/stephen_colbert_comments_on_newbrew/ianl8le/
iann6r9,v1krr0,Whatâ€™s the joke here? The beer is real,1654000978,t1_iank2sz,/r/singapore/comments/v1krr0/stephen_colbert_comments_on_newbrew/iann6r9/
iao9ank,v1krr0,Tf bruh,1654011430,t1_iannarf,/r/singapore/comments/v1krr0/stephen_colbert_comments_on_newbrew/iao9ank/
iaqhqly,v1krr0,Poomami.,1654047814,t1_iaqfidr,/r/singapore/comments/v1krr0/stephen_colbert_comments_on_newbrew/iaqhqly/
iaof6md,v1krr0,They just don't like the taste of distilled water. I actually prefer it because I don't like how neutral mineral water tastes lol.,1654013940,t1_ianritn,/r/singapore/comments/v1krr0/stephen_colbert_comments_on_newbrew/iaof6md/
iao02vv,v1krr0,California is investing a ton in potable recycled water. Itâ€™s already being used and will be part of the drinking supply soon.,1654007394,t1_ianl8le,/r/singapore/comments/v1krr0/stephen_colbert_comments_on_newbrew/iao02vv/
iaqafic,v1krr0,"It's ironic that you ended up being the one who has no knowledge of the country you are criticizing.  \n  \nHalf of their country are deserts. They have been moving massively towards recycled water with billions already pledged by congress to build infrastructures unlike our own.  \n  \nAnd remember that Singaporeans didn't accept NEWater right away either. In fact, many were resistant to the idea of drinking ""toilet water"", so I have no idea where you get that higher than thou attitude about other countries.",1654044386,t1_ianl8le,/r/singapore/comments/v1krr0/stephen_colbert_comments_on_newbrew/iaqafic/
