id,created_utc,title,selftext,full_link
v1nawy,1653993468,There is still $2 MRT chicken rice in Singapore surprisingly. Pic taken at Kranji MRT,,https://www.reddit.com/r/singapore/comments/v1nawy/there_is_still_2_mrt_chicken_rice_in_singapore/
v1nao5,1653993438,How inspections at night unravelled a S$1.25 million subletting scheme on Airbnb and HomeAway,,https://www.reddit.com/r/singapore/comments/v1nao5/how_inspections_at_night_unravelled_a_s125/
v1n8y1,1653993230,How to go from step 2 to 3 lol,,https://www.reddit.com/r/singapore/comments/v1n8y1/how_to_go_from_step_2_to_3_lol/
v1n6g3,1653992951,EP Application for Two Employers,[removed],https://www.reddit.com/r/singapore/comments/v1n6g3/ep_application_for_two_employers/
v1n606,1653992898,Former bus driver jailed for injuring 14 people in Bukit Batok interchange collision,,https://www.reddit.com/r/singapore/comments/v1n606/former_bus_driver_jailed_for_injuring_14_people/
v1n5js,1653992844,Online Coding Test,,https://www.reddit.com/r/singapore/comments/v1n5js/online_coding_test/
v1n05e,1653992230,Any tips for job seeker?,[removed],https://www.reddit.com/r/singapore/comments/v1n05e/any_tips_for_job_seeker/
v1mpvu,1653991065,Can an employer deny your PR application?,"My friend has been working at a company for more than 6 months, and wanted to apply for PR but her HR mention they have a rule of minimum number of years worked before an employee can request for documents to help with the PR application. My friend is not even asking for sponsorship, just regular documents like company letter and Annex A. Can employers do that?",https://www.reddit.com/r/singapore/comments/v1mpvu/can_an_employer_deny_your_pr_application/
v1mk2m,1653990335,ABC Phonics Song with Sounds for Children &amp; Fun Practice | Rock 'N Learn,,https://www.reddit.com/r/singapore/comments/v1mk2m/abc_phonics_song_with_sounds_for_children_fun/
v1ly8p,1653987702,Interesting post about a 1970 article of why conscription was chosen for the SAF,,https://www.reddit.com/r/singapore/comments/v1ly8p/interesting_post_about_a_1970_article_of_why/
v1lrhp,1653986836,Driving with children,Driving with unrestrained children\n\nTravelling down Dunearn Rd at 4pm today I was amazed at how many kids I saw roaming free in the back of their parents‚Äô cars. What‚Äôs the deal?\n\nDo children not need to wear seatbelts in private vehicles or is this a law that‚Äôs just not enforced? \n\nMaybe these families have too many kids so don‚Äôt care if they lose one ü§∑,https://www.reddit.com/r/singapore/comments/v1lrhp/driving_with_children/
v1lr2x,1653986780,"I read an old archive of a magazine dating back to 1970 on the reasons why we need a conscript army, written by a captain of the M.I.D",,https://www.reddit.com/r/singapore/comments/v1lr2x/i_read_an_old_archive_of_a_magazine_dating_back/
v1lpxz,1653986629,"I read an old archive of a magazine dating back to 1970 on the reasons why we need a conscript army, written by a captain of then M.I.D",,https://www.reddit.com/r/singapore/comments/v1lpxz/i_read_an_old_archive_of_a_magazine_dating_back/
v1lpvd,1653986619,Light show 2022,,https://www.reddit.com/r/singapore/comments/v1lpvd/light_show_2022/
v1lph5,1653986562,Driving with unrestrained children,[removed],https://www.reddit.com/r/singapore/comments/v1lph5/driving_with_unrestrained_children/
v1lo39,1653986373,Malaysia Airlines will operate its first flight powered by used cooking oil to Singapore this Sunday,,https://www.reddit.com/r/singapore/comments/v1lo39/malaysia_airlines_will_operate_its_first_flight/
v1lkeo,1653985876,How inspections at night unravelled a S$1.25 million subletting scheme on Airbnb and HomeAway,,https://www.reddit.com/r/singapore/comments/v1lkeo/how_inspections_at_night_unravelled_a_s125/
v1krr0,1653982168,Stephen Colbert comments on NEWBrew,,https://www.reddit.com/r/singapore/comments/v1krr0/stephen_colbert_comments_on_newbrew/
v1kqwv,1653982054,‰∏≠ÂÖ±Êñ∞ÁâàÈ´ò‰∏≠ÊïôÊùê ‚ÄúÂéªË•øÊñπÂåñ‚ÄùÔºÅ,,https://www.reddit.com/r/singapore/comments/v1kqwv/‰∏≠ÂÖ±Êñ∞ÁâàÈ´ò‰∏≠ÊïôÊùê_ÂéªË•øÊñπÂåñ/
v1kqjs,1653982008,"Crypto highly risky, but it also has potential to transform future of finance: DPM Heng",,https://www.reddit.com/r/singapore/comments/v1kqjs/crypto_highly_risky_but_it_also_has_potential_to/
